Codigo,Articulo,Marca,Tama√±o
0001,CAMA AMERICANA ENERGY,TECHNODREAM,1.5 PLAZAS
0002,CAMA AMERICANA GRAVITY,TECHNODREAM,1.5 PLAZAS
0003,CAMA AMERICANA OZONO,TECHNODREAM,1.5 PLAZAS
0004,CAMA AMERICANA LATEX BAMBOO,DRIMER,2 PLAZAS
0005,CAMA AMERICANA VISCO CARBON,DRIMER,2 PLAZAS
0006,CAMA AMERICANA ENERGY,TECHNODREAM,2 PLAZAS
0007,CAMA AMERICANA GRAVITY,TECHNODREAM,2 PLAZAS
0008,CAMA AMERICANA OZONO,TECHNODREAM,2 PLAZAS
0009,CAMA AMERICANA QUANTUM,TECHNODREAM,2 PLAZAS
0010,CAMA AMERICANA VISCO CARBON,DRIMER,QUEEN
0011,CAMA AMERICANA ENERGY,TECHNODREAM,QUEEN
0012,CAMA AMERICANA GRAVITY,TECHNODREAM,QUEEN
0013,CAMA AMERICANA SIMMONS JAELYN LUX FIRM WORLD,SIMMONS,QUEEN
0014,CAMA AMERICANA SIMMONS PT AUDRINA LUX FIRM,SIMMONS,QUEEN
0015,CAMA AMERICANA SIMMONS AUDRINA LUX FIRM,SIMMONS,QUEEN
0016,CAMA AMERICANA LATEX BAMBOO,DRIMER,KING
0017,CAMA AMERICANA VISCO CARBON,DRIMER,KING
0018,CAMA AMERICANA GRAVITY,TECHNODREAM,KING
0019,CAMA AMERICANA SIMMONS PT AUDRINA LUX FIRM,SIMMONS,KING
0020,CAMA AMERICANA LUJO TERRA BAMBOO,DRIMER,1.5 PLAZAS
0021,CAMA AMERICANA LUJO LATEX ACTIPRO,DRIMER,2 PLAZAS
0022,CAMA AMERICANA LUJO POCKET ANTISTRESS,DRIMER,2 PLAZAS
0023,CAMA AMERICANA LUJO TERRA BAMBOO,DRIMER,2 PLAZAS
0024,CAMA AMERICANA LUJO POCKET ANTISTRESS,DRIMER,QUEEN
0025,CAMA AMERICANA LUJO TERRA SOYAMBOO,DRIMER,QUEEN
0026,CAMA AMERICANA LUJO LATEX ACTIPRO,DRIMER,KING
0027,CAMA AMERICANA LUJO LATEX ANTIACAROS,DRIMER,KING
0028,CAMA AMERICANA LUJO POCKET ANTISTRESS,DRIMER,KING
0029,CAMA NIDO DOBLE COOL,TECHNODREAM,1.5 PLAZAS
0030,CAMA NIDO XEON,TECHNODREAM,1.5 PLAZAS
0031,CAMA NIDO XEON,TECHNODREAM,2 PLAZAS
0032,CAMA ELECTRICA MASAJEADOR - LATEX THE,DRIMER,TWIN SUPREME
0033,CAMA ELECTRICA MASAJEADOR - LATEX AN,DRIMER,QUEEN
0034,DORMITORIO CANTABRIA OZONO CAJONES,TECHNODREAM,2 PLAZAS
0035,DORMITORIO KAELA LATEX BAMBOO,DRIMER,2 PLAZAS
0036,DORMITORIO NICOLE GRAVITY NEGRO,TECHNODREAM,2 PLAZAS
0037,DORMITORIO NICOLE OZONO NEGRO,TECHNODREAM,2 PLAZAS
0038,DORMITORIO OPORTO OZONO,TECHNODREAM,2 PLAZAS
0039,DORMITORIO REPOSE OZONO,TECHNODREAM,2 PLAZAS
0040,DORMITORIO NICOLE OZONO NEGRO,TECHNODREAM,QUEEN
0041,DORMITORIO OPORTO AIRFRESH,DRIMER,QUEEN
0042,DORMITORIO OPORTO GRAVITY,TECHNODREAM,QUEEN
0043,DORMITORIO SOFIA OZONO,TECHNODREAM,QUEEN
0044,CAMA DIVAN LAQUEADA OZONO,TECHNODREAM,1.5 PLAZAS
0045,DORMITORIO NICOLE NEGRO,DRIMER,1.5 PLAZAS
0046,DORMITORIO KAELA,DRIMER,2 PLAZAS
0047,DORMITORIO NICOLE NEGRO,DRIMER,2 PLAZAS
0048,DORMITORIO REPOSE,DRIMER,2 PLAZAS
0049,DORMITORIO CANTABRIA,DRIMER,QUEEN
0050,DORMITORIO KAELA,DRIMER,QUEEN
0051,DORMITORIO KAELA,DRIMER,KING
0052,CAMA COMPLETA CANTABRIA OZONO PISTONES,TECHNODREAM,2 PLAZAS
0053,COLCHON RESORTE TERRA COTTON,DRIMER,CUNA
0054,COLCHON RESORTE ENERGY,TECHNODREAM,1 PLAZA
0055,COLCHON RESORTE 4 ESTRELLAS,DRIMER,1.5 PLAZAS
0056,COLCHON RESORTE 5 ESTRELLAS,DRIMER,1.5 PLAZAS
0057,COLCHON RESORTE ALOE VERA,DRIMER,1.5 PLAZAS
0058,COLCHON RESORTE GALAXY,DRIMER,1.5 PLAZAS
0059,COLCHON RESORTE LATEX ACTIPRO,DRIMER,1.5 PLAZAS
0060,COLCHON RESORTE OMEGA,DRIMER,1.5 PLAZAS
0061,COLCHON RESORTE TERRA BAMBOO,DRIMER,1.5 PLAZAS
0062,COLCHON RESORTE BREEZE,TECHNODREAM,1.5 PLAZAS
0063,COLCHON RESORTE COOL,TECHNODREAM,1.5 PLAZAS
0064,COLCHON RESORTE ENERGY,TECHNODREAM,1.5 PLAZAS
0065,COLCHON RESORTE OZONO,TECHNODREAM,1.5 PLAZAS
0066,COLCHON RESORTE 5 ESTRELLAS,DRIMER,2 PLAZAS
0067,COLCHON RESORTE ALOE VERA,DRIMER,2 PLAZAS
0068,COLCHON RESORTE GALAXY,DRIMER,2 PLAZAS
0069,COLCHON RESORTE LATEX ACTIPRO,DRIMER,2 PLAZAS
0070,COLCHON RESORTE OMEGA,DRIMER,2 PLAZAS
0071,COLCHON RESORTE TERRA BAMBOO,DRIMER,2 PLAZAS
0072,COLCHON RESORTE COOL,TECHNODREAM,2 PLAZAS
0073,COLCHON RESORTE ENERGY,TECHNODREAM,2 PLAZAS
0074,COLCHON RESORTE OZONO,TECHNODREAM,2 PLAZAS
0075,COLCHON RESORTE QUANTUM,TECHNODREAM,2 PLAZAS
0076,COLCHON RESORTE ALOE VERA,DRIMER,QUEEN
0077,COLCHON RESORTE LATEX ACTIPRO,DRIMER,QUEEN
0078,COLCHON RESORTE COOL,TECHNODREAM,QUEEN
0079,COLCHON RESORTE OZONO,TECHNODREAM,QUEEN
0080,COLCHON RESORTE ALOE VERA,DRIMER,KING
0081,COLCHON RESORTE TERRA BAMBOO,DRIMER,KING
0082,COLCHON RESORTE ENERGY,TECHNODREAM,KING
0083,COLCHON POCKET AERO AIRFRESH,DRIMER,1.5 PLAZAS
0084,COLCHON POCKET ANTISTRESS,DRIMER,1.5 PLAZAS
0085,COLCHON POCKET GRAVITY,TECHNODREAM,1.5 PLAZAS
0086,COLCHON POCKET ACTIPRO,DRIMER,2 PLAZAS
0087,COLCHON POCKET AERO AIRFRESH,DRIMER,2 PLAZAS
0088,COLCHON POCKET ANTISTRESS,DRIMER,2 PLAZAS
0089,COLCHON POCKET LATEX BAMBOO,DRIMER,2 PLAZAS
0090,COLCHON POCKET VISCO CARBON,DRIMER,2 PLAZAS
0091,COLCHON POCKET GRAVITY,TECHNODREAM,2 PLAZAS
0092,COLCHON POCKET BEAUTYREST RECHARGE PT,SIMMONS,2 PLAZAS
0093,COLCHON POCKET AERO AIRFRESH,DRIMER,QUEEN
0094,COLCHON POCKET ANTISTRESS,DRIMER,QUEEN
0095,COLCHON POCKET LATEX BAMBOO,DRIMER,QUEEN
0096,COLCHON POCKET VISCO CARBON,DRIMER,QUEEN
0097,COLCHON POCKET GRAVITY,TECHNODREAM,QUEEN
0098,COLCHON POCKET ANTISTRESS,DRIMER,KING
0099,COLCHON POCKET PRO RUNNER OXYGEL,DRIMER,KING
0100,COLCHON POCKET GRAVITY,TECHNODREAM,KING
0101,COLCHON POCKET BEAUTYREST RECHARGE PT,SIMMONS,KING
0102,COLCHON POCKET BEAUTYREST WORLD CLASS PT,SIMMONS,KING
0103,"COLCHON ESPUMA C500 TERRA COTTON 7""",DRIMER,1 PLAZA
0104,"COLCHON ESPUMA C500 TERRA COTTON 7""",DRIMER,1.5 PLAZAS
0105,"COLCHON ESPUMA C500 TERRA COTTON 7""",DRIMER,2 PLAZAS
0106,COLCHON LATEX FIAMMA THERMOCONTROL,DRIMER,1.5 PLAZAS
0107,COLCHON LATEX ANTIACAROS,DRIMER,1.5 PLAZAS
0108,COLCHON LATEX TERRA LATEX FRESH,DRIMER,1.5 PLAZAS
0109,COLCHON LATEX ANTIACAROS,DRIMER,2 PLAZAS
0110,COLCHON LATEX TERRA LATEX FRESH,DRIMER,QUEEN
0111,COLCHON LATEX FIAMMA THERMOCONTROL,DRIMER,KING
0112,COLCHON LATEX ANTIACAROS,DRIMER,KING
0113,COLCHON LATEX SILHOUETTE,DRIMER,KING
0114,BOX TARIMA DIVAN LAQUEADA,DRIMER,1.5 PLAZAS
0115,BOX TARIMA DRIMER,DRIMER,1.5 PLAZAS
0116,BOX TARIMA LUJO,DRIMER,1.5 PLAZAS
0117,BOX TARIMA DIVAN LAQUEADA,DRIMER,2 PLAZAS
0118,BOX TARIMA PRAKTIBOX,DRIMER,2 PLAZAS
0119,BOX TARIMA DRIMER,DRIMER,2 PLAZAS
0120,BOX TARIMA LUJO,DRIMER,2 PLAZAS
0121,BOX TARIMA DIVAN LAQUEADA,DRIMER,QUEEN
0122,BOX TARIMA LUJO,DRIMER,KING
0123,TOPPER ZA LATEX NATURE X,CONTINENTAL,1.5 PLAZAS
0124,"TOPPER LATEX NATURE X 2""",CONTINENTAL,TWIN SUPREME
0125,"TOPPER LATEX NATURE X 2""",DRIMER,QUEEN
0126,"TOPPER LATEX NATURE X 2""",DRIMER,KING
0127,BOX SPRING DRIMER,DRIMER,2 PLAZAS
0128,BOX SPRING DRIMER,DRIMER,KING
0129,BOX SPRING DRIMER PARTIDA,DRIMER,QUEEN
0130,BOX TARIMA DRIMER,DRIMER,1 PLAZA
0131,BOX TARIMA DRIMER,DRIMER,KING
0132,BOX TARIMA DRIMER PARTIDA,DRIMER,QUEEN
0133,"COLCHON ESPUMA C500 IMPERMEABLE 3""",DRIMER,CUNA
0134,COLCHON ESPUMA C400 SUPER FOAM,DRIMER,CUNA
0135,COLCHON NATURE EURO SOYA,DRIMER,2 PLAZAS
0136,"COLCHON CARE SLEEP 4""",DRIMER,CUNA
0137,"COLCHON ESPUMA C150 ECOLOGICO NOTEX 6""",CONTINENTAL,1 PLAZA
0138,"COLCHON ESPUMA C400 ZENTRIX X 6""",TECHNODREAM,1 PLAZA
0139,"COLCHON ESPUMA C500 TERRA COTTON 6""",DRIMER,1 PLAZA
0140,"COLCHON ESPUMA C400 SUPER FOAM POLIALGODON 7""",DRIMER,1 PLAZA
0141,"COLCHON ESPUMA HOSPITALARIO 7"" - AZUL/NEGR",DRIMER,1 PLAZA
0142,"COLCHON ESPUMA C500 ELASTIC FOAM DRILL 8""",CONTINENTAL,1 PLAZA
0143,"COLCHON ESPUMA C500 TERRA COTTON 8""",DRIMER,1 PLAZA
0144,"COLCHON ESPUMA C150 ECOLOGICO NOTEX 4""",CONTINENTAL,1.5 PLAZAS
0145,"COLCHON ESPUMA C150 ECOLOGICO NOTEX 6""",CONTINENTAL,1.5 PLAZAS
0146,"COLCHON ESPUMA C500 TERRA COTTON 6""",DRIMER,1.5 PLAZAS
0147,COLCHON ESPUMA C400 SUPER FOAM JACKARD 7,DRIMER,1.5 PLAZAS
0148,"COLCHON ESPUMA HOSPITALARIO 7"" - AZUL/NE",DRIMER,1.5 PLAZAS
0149,COLCHON ESPUMA C400 SUPER FOAM JACKARD 8,CONTINENTAL,1.5 PLAZAS
0150,"COLCHON ESPUMA C500 TERRA COTTON 8""",DRIMER,1.5 PLAZAS
0151,COLCHON ESPUMA C400 SUPER FOAM POLIALGODON,CONTINENTAL,2 PLAZAS
0152,"COLCHON ESPUMA C500 TERRA COTTON 6""",DRIMER,2 PLAZAS
0153,"COLCHON ESPUMA C400 SUPER FOAM JACKARD 8""",DRIMER,2 PLAZAS
0154,"COLCHON ESPUMA C500 TERRA COTTON 8""",DRIMER,2 PLAZAS
0155,"COLCHON ESPUMA C500 TERRA COTTON 6""",DRIMER,QUEEN
0156,"COLCHON ESPUMA C500 TERRA COTTON 7""",DRIMER,QUEEN
0157,"COLCHON ESPUMA C500 TERRA COTTON 8""",DRIMER,QUEEN
0158,"COLCHON ESPUMA C500 TERRA COTTON 8""",DRIMER,KING
0159,COLCHON LATEX DRIMER,DRIMER,1 PLAZA
0160,COLCHON LATEX ACTIPRO,DRIMER,1.5 PLAZAS
0161,COLCHON LATEX SILHOUETTE,DRIMER,1.5 PLAZAS
0162,COLCHON LATEX DRIMER,DRIMER,1.5 PLAZAS
0163,COLCHON LATEX DRIMER FUTURPEDIC,DRIMER,1.5 PLAZAS
0164,COLCHON LATEX SILVER,DRIMER,1.5 PLAZAS
0165,COLCHON LATEX ACQUA CIRCULACION,DRIMER,1.5 PLAZAS
0166,COLCHON TERRA LATEX FRESH,DRIMER,1.5 PLAZAS
0167,COLCHON LATEX ACTIPRO,DRIMER,2 PLAZAS
0168,COLCHON LATEX DRIMER,DRIMER,2 PLAZAS
0169,COLCHON LATEX DRIMER FUTURPEDIC,DRIMER,2 PLAZAS
0170,COLCHON LATEX SILVER,DRIMER,2 PLAZAS
0171,COLCHON LATEX ACQUA CIRCULACION,DRIMER,2 PLAZAS
0172,COLCHON TERRA LATEX FRESH,DRIMER,2 PLAZAS
0173,COLCHON LATEX FIAMMA THERMOCONTROL,DRIMER,2 PLAZAS
0174,COLCHON LATEX ACTIPRO,DRIMER,QUEEN
0175,COLCHON LATEX SILHOUETTE,DRIMER,QUEEN
0176,COLCHON LATEX DRIMER,DRIMER,QUEEN
0177,COLCHON LATEX DRIMER FUTURPEDIC,DRIMER,QUEEN
0178,COLCHON LATEX SILVER,DRIMER,QUEEN
0179,COLCHON LATEX ACQUA CIRCULACION,DRIMER,QUEEN
0180,COLCHON LATEX ANTIACAROS,DRIMER,QUEEN
0181,COLCHON TERRA LATEX FRESH,DRIMER,QUEEN
0182,COLCHON LATEX FIAMMA THERMOCONTROL,DRIMER,QUEEN
0183,COLCHON LATEX ACTIPRO,DRIMER,KING
0184,COLCHON LATEX DRIMER,DRIMER,KING
0185,COLCHON LATEX SILVER,DRIMER,KING
0186,COLCHON LATEX ACQUA CIRCULACION,DRIMER,KING
0187,COLCHON TERRA LATEX FRESH,DRIMER,KING
0188,COLCHON LATEX FLEXICUP,DRIMER,KING
0189,COLCHON DE RESORTES FLORENCIA,CONTINENTAL,1.5 PLAZAS
0190,COLCHON DE RESORTES POCKET DREAM,DRIMER,1.5 PLAZAS
0191,COLCHON DE RESORTES VESUBIO,CONTINENTAL,2 PLAZAS
0192,COLCHON DE RESORTE VENETTO,CONTINENTAL,2 PLAZAS
0193,COLCHON DE RESORTES POCKET DREAM,DRIMER,2 PLAZAS
0194,COLCHON DE RESORTES PT,CONTINENTAL,KING
0195,COLCHON DE RESORTES POCKET DREAM,DRIMER,QUEEN
0196,CABECERA KAELA,DRIMER,2 PLAZAS
0197,CABECERA SOFIA,DRIMER,QUEEN
0198,CABECERA PROMOCIONAL ROMBOS,CONTINENTAL,2 PLAZAS
0199,VELADOR CONTINENTAL,CONTINENTAL,KING
0200,BOX TARIMA DIVAN LAQ,DRIMER,1.5 PLAZAS
0201,BOX TARIMA DIVAN LAQ - OPORTO,DRIMER,1.5 PLAZAS
0202,BOX TARIMA DIVAN LAQ,DRIMER,2 PLAZAS
0203,BOX TARIMA DIVAN LAQ - OPORTO,DRIMER,2 PLAZAS
0204,BOX TARIMA PRAKTIBOX DRIMER,DRIMER,2 PLAZAS
0205,BOX TARIMA DIVAN LAQ,DRIMER,QUEEN
0206,BOX TARIMA DIVAN LAQ - OPORTO,DRIMER,QUEEN
0207,BOX SPRING LUJO PARTIDA,DRIMER,QUEEN
0208,COLCHON DE RESORTES AYLLU TAMBO,CONTINENTAL,CUNA
0209,COLCHON RESORTE IBIZA,DRIMER,CUNA
0210,COLCHON DE RESORTES WARI MOCHE,CONTINENTAL,1 PLAZA
0211,COLCHON DE RESORTES WARI VICUS,CONTINENTAL,1 PLAZA
0212,COLCHON DE RESORTES AYLLU TAMBO,CONTINENTAL,1 PLAZA
0213,COLCHON DE RESORTES AYLLU URPI,CONTINENTAL,1 PLAZA
0214,COLCHON RESORTE HOTELERO 5 ESTRELLAS,DRIMER,1 PLAZA
0215,COLCHON RESORTE TERRA COTTON,DRIMER,1 PLAZA
0216,COLCHON RESORTE TERRA ALOE VERA,DRIMER,1 PLAZA
0217,COLCHON RESORTE TECHNODREAM BREEZE,TECHNODREAM,1 PLAZA
0218,COLCHON RESORTE TECHNODREAM OXYGEN,TECHNODREAM,1 PLAZA
0219,COLCHON RESORTE TECHNODREAM ENERGY,TECHNODREAM,1 PLAZA
0220,COLCHON RESORTE TERRA SOYAMBOO,DRIMER,1 PLAZA
0221,COLCHON RESORTE SITE,CONTINENTAL,1.5 PLAZAS
0222,COLCHON DE RESORTES POCKET RAICES SIPA,CONTINENTAL,1.5 PLAZAS
0223,COLCHON DE RESORTES POCKET RAICES NAZC,CONTINENTAL,1.5 PLAZAS
0224,COLCHON DE RESORTES WARI PARACAS,CONTINENTAL,1.5 PLAZAS
0225,COLCHON DE RESORTES WARI MOCHE,CONTINENTAL,1.5 PLAZAS
0226,COLCHON DE RESORTES WARI VICUS,CONTINENTAL,1.5 PLAZAS
0227,COLCHON RESORTE DRIMER GEMINIS,DRIMER,1.5 PLAZAS
0228,COLCHON DE RESORTES AYLLU TAMBO,CONTINENTAL,1.5 PLAZAS
0229,COLCHON DE RESORTES AYLLU URPI,CONTINENTAL,1.5 PLAZAS
0230,COLCHON RESORTE XEON,TECHNODREAM,1.5 PLAZAS
0231,COLCHON RESORTE ZENTRIX,TECHNODREAM,1.5 PLAZAS
0232,COLCHON RESORTE HOTELERO 5 ESTRELLAS,DRIMER,1.5 PLAZAS
0233,COLCHON RESORTE HOTELERO 4 ESTRELLAS,DRIMER,1.5 PLAZAS
0234,COLCHON RESORTE HOTELERO 3 ESTRELLAS,DRIMER,1.5 PLAZAS
0235,COLCHON RESORTE TERRA COTTON,DRIMER,1.5 PLAZAS
0236,COLCHON RESORTE TERRA ALOE VERA,DRIMER,1.5 PLAZAS
0237,COLCHON RESORTE FIAMMA ANTISTRESS,DRIMER,1.5 PLAZAS
0238,COLCHON RESORTE AERO AIRFRESH,DRIMER,1.5 PLAZAS
0239,COLCHON RESORTE TERRA COTTON FRESH,DRIMER,1.5 PLAZAS
0240,COLCHON DE RESORTES AYLLU QUIPU,CONTINENTAL,1.5 PLAZAS
0241,COLCHON RESORTE DRIMER OMEGA,DRIMER,1.5 PLAZAS
0242,COLCHON DE RESORTES WARI RUNA,CONTINENTAL,1.5 PLAZAS
0243,COLCHON RESORTE QUANTUM,TECHNODREAM,1.5 PLAZAS
0244,COLCHON RESORTE TECHNODREAM BREEZE,TECHNODREAM,1.5 PLAZAS
0245,COLCHON RESORTE TECHNODREAM OZONO,TECHNODREAM,1.5 PLAZAS
0246,COLCHON RESORTE DRIMER ANTARES,DRIMER,1.5 PLAZAS
0247,COLCHON RESORTE TECHNODREAM GRAVITY,TECHNODREAM,1.5 PLAZAS
0248,COLCHON RESORTE TECHNODREAM OXYGEN,TECHNODREAM,1.5 PLAZAS
0249,COLCHON RESORTE TECHNODREAM ENERGY,TECHNODREAM,1.5 PLAZAS
0250,COLCHON RESORTE DRIMER GALAXY,DRIMER,1.5 PLAZAS
0251,COLCHON RESORTE TECHNODREAM FIT,TECHNODREAM,1.5 PLAZAS
0252,COLCHON RESORTE TECHNODREAM NEO,TECHNODREAM,1.5 PLAZAS
0253,COLCHON RESORTE TECHNODREAM COOL,TECHNODREAM,1.5 PLAZAS
0254,COLCHON RESORTE ACQUA VISCOELASTIC,DRIMER,1.5 PLAZAS
0255,COLCHON RESORTE AERO AROMATERAPIA,DRIMER,1.5 PLAZAS
0256,COLCHON RESORTE TERRA SOYAMBOO,DRIMER,1.5 PLAZAS
0257,COLCHON RESORTE ACTIPRO,DRIMER,1.5 PLAZAS
0258,COLCHON RESORTE SILVER,DRIMER,1.5 PLAZAS
0259,COLCHON RESORTE POCKET ANTISTRESS,DRIMER,1.5 PLAZAS
0260,COLCHON RESORTE HOTELERO DRIMER CONCEP,DRIMER,1.5 PLAZAS
0261,COLCHON RESORTE TERRA LATEX ALOE VERA,DRIMER,1.5 PLAZAS
0262,COLCHON RESORTE AERO LATEX BAMBOO,DRIMER,1.5 PLAZAS
0263,COLCHON RESORTE QUBO ALOE VERA,TECHNODREAM,1.5 PLAZAS
0264,COLCHON RESORTE DRIMER ALOE VERA,DRIMER,1.5 PLAZAS
0265,COLCHON RESORTE DRIMER VISCO CARBON,DRIMER,1.5 PLAZAS
0266,COLCHON RESORTE DRIMER ANTISTRESS,DRIMER,1.5 PLAZAS
0267,COLCHON RESORTE DRIMER PRO RUNNER OXYG,DRIMER,1.5 PLAZAS
0268,COLCHON RESORTE DRIMER PRO RUNNER ACTI,DRIMER,1.5 PLAZAS
0269,COLCHON DE RESORTES POCKET RAICES CARAL,CONTINENTAL,2 PLAZAS
0270,COLCHON DE RESORTES POCKET RAICES SIPAN,CONTINENTAL,2 PLAZAS
0271,COLCHON DE RESORTES POCKET RAICES NAZCA,CONTINENTAL,2 PLAZAS
0272,COLCHON DE RESORTES WARI PARACAS,CONTINENTAL,2 PLAZAS
0273,COLCHON DE RESORTES WARI MOCHE,CONTINENTAL,2 PLAZAS
0274,COLCHON DE RESORTES WARI VICUS,CONTINENTAL,2 PLAZAS
0275,COLCHON RESORTE DRIMER GEMINIS,DRIMER,2 PLAZAS
0276,COLCHON DE RESORTES AYLLU TAMBO,CONTINENTAL,2 PLAZAS
0277,COLCHON DE RESORTES AYLLU URPI,CONTINENTAL,2 PLAZAS
0278,COLCHON RESORTE XEON,TECHNODREAM,2 PLAZAS
0279,COLCHON RESORTE ZENTRIX,TECHNODREAM,2 PLAZAS
0280,COLCHON RESORTE HOTELERO 5 ESTRELLAS,DRIMER,2 PLAZAS
0281,COLCHON RESORTE HOTELERO 4 ESTRELLAS,DRIMER,2 PLAZAS
0282,COLCHON RESORTE HOTELERO 3 ESTRELLAS,DRIMER,2 PLAZAS
0283,COLCHON RESORTE TERRA COTTON,DRIMER,2 PLAZAS
0284,COLCHON RESORTE TERRA ALOE VERA,DRIMER,2 PLAZAS
0285,COLCHON RESORTE FIAMMA ANTISTRESS,DRIMER,2 PLAZAS
0286,COLCHON RESORTE AERO AIRFRESH,DRIMER,2 PLAZAS
0287,COLCHON RESORTE TERRA COTTON FRESH,DRIMER,2 PLAZAS
0288,COLCHON DE RESORTES AYLLU QUIPU,CONTINENTAL,2 PLAZAS
0289,COLCHON RESORTE DRIMER OMEGA,DRIMER,2 PLAZAS
0290,COLCHON DE RESORTES WARI RUNA,CONTINENTAL,2 PLAZAS
0291,COLCHON RESORTE TECHNODREAM BREEZE,TECHNODREAM,2 PLAZAS
0292,COLCHON RESORTE TECHNODREAM OZONO,TECHNODREAM,2 PLAZAS
0293,COLCHON RESORTE DRIMER ANTARES,DRIMER,2 PLAZAS
0294,COLCHON RESORTE TECHNODREAM GRAVITY,TECHNODREAM,2 PLAZAS
0295,COLCHON RESORTE TECHNODREAM OXYGEN,TECHNODREAM,2 PLAZAS
0296,COLCHON RESORTE TECHNODREAM ENERGY,TECHNODREAM,2 PLAZAS
0297,COLCHON RESORTE DRIMER GALAXY,DRIMER,2 PLAZAS
0298,COLCHON RESORTE TECHNODREAM FIT,TECHNODREAM,2 PLAZAS
0299,COLCHON RESORTE TECHNODREAM NEO,TECHNODREAM,2 PLAZAS
0300,COLCHON RESORTE TECHNODREAM COOL,TECHNODREAM,2 PLAZAS
0301,COLCHON RESORTE AERO AROMATERAPIA,DRIMER,2 PLAZAS
0302,COLCHON RESORTE TERRA SOYAMBOO,DRIMER,2 PLAZAS
0303,COLCHON RESORTE ACTIPRO,DRIMER,2 PLAZAS
0304,COLCHON RESORTE SILVER,DRIMER,2 PLAZAS
0305,COLCHON RESORTE POCKET ANTISTRESS,DRIMER,2 PLAZAS
0306,COLCHON RESORTE TERRA LATEX ALOE VERA,DRIMER,2 PLAZAS
0307,COLCHON RESORTE AERO LATEX BAMBOO,DRIMER,2 PLAZAS
0308,COLCHON RESORTE QUBO ALOE VERA,TECHNODREAM,2 PLAZAS
0309,COLCHON RESORTE DRIMER ALOE VERA,DRIMER,2 PLAZAS
0310,COLCHON RESORTE DRIMER VISCO CARBON,DRIMER,2 PLAZAS
0311,COLCHON RESORTE DRIMER ANTISTRESS,DRIMER,2 PLAZAS
0312,COLCHON RESORTE DRIMER PRO RUNNER OXYGEL,DRIMER,2 PLAZAS
0313,COLCHON RESORTE DRIMER PRO RUNNER ACTIBIO,DRIMER,2 PLAZAS
0314,COLCHON RESORTE SIMMONS HYBRID MARLEE PLU,SIMMONS,2 PLAZAS
0315,COLCHON RESORTE SIMMONS BEAUTYREST PT AUD,SIMMONS,2 PLAZAS
0316,COLCHON RESORTE SIMMONS WORLD CLASS PT JA,SIMMONS,2 PLAZAS
0317,COLCHON RESORTE SIMMONS BEAUTYREST FELICI,SIMMONS,2 PLAZAS
0318,COLCHON DE RESORTES POCKET RAICES CARAL,CONTINENTAL,QUEEN
0319,COLCHON DE RESORTES POCKET RAICES PAN,CONTINENTAL,QUEEN
0320,COLCHON DE RESORTES POCKET RAICES NAZCA,CONTINENTAL,QUEEN
0321,COLCHON DE RESORTES WARI PARACAS,CONTINENTAL,QUEEN
0322,COLCHON DE RESORTES WARI MOCHE,CONTINENTAL,QUEEN
0323,COLCHON DE RESORTES WARI VICUS,CONTINENTAL,QUEEN
0324,COLCHON RESORTE DRIMER GEMINIS,DRIMER,QUEEN
0325,COLCHON RESORTE HOTELERO 5 ESTRELLAS,DRIMER,QUEEN
0326,COLCHON RESORTE HOTELERO 4 ESTRELLAS,DRIMER,QUEEN
0327,COLCHON RESORTE TERRA ALOE VERA,DRIMER,QUEEN
0328,COLCHON RESORTE FIAMMA ANTISTRESS,DRIMER,QUEEN
0329,COLCHON RESORTE AERO AIRFRESH,DRIMER,QUEEN
0330,COLCHON DE RESORTES NATURE EURO SOYA POCKET,DRIMER,QUEEN
0331,COLCHON DE RESORTES WARI RUNA,CONTINENTAL,QUEEN
0332,COLCHON RESORTE QUANTUM,TECHNODREAM,QUEEN
0333,COLCHON RESORTE TECHNODREAM OZONO,TECHNODREAM,QUEEN
0334,COLCHON RESORTE DRIMER ANTARES,DRIMER,QUEEN
0335,COLCHON RESORTE TECHNODREAM GRAVITY,TECHNODREAM,QUEEN
0336,COLCHON RESORTE TECHNODREAM ENERGY,TECHNODREAM,QUEEN
0337,COLCHON RESORTE DRIMER GALAXY,DRIMER,QUEEN
0338,COLCHON RESORTE TECHNODREAM COOL,TECHNODREAM,QUEEN
0339,COLCHON RESORTE ACQUA VISCOELASTIC,DRIMER,QUEEN
0340,COLCHON RESORTE AERO AROMATERAPIA,DRIMER,QUEEN
0341,COLCHON RESORTE TERRA SOYAMBOO,DRIMER,QUEEN
0342,COLCHON RESORTE ACTIPRO,DRIMER,QUEEN
0343,COLCHON RESORTE SILVER,DRIMER,QUEEN
0344,COLCHON RESORTE POCKET ANTISTRESS,DRIMER,QUEEN
0345,COLCHON RESORTE TERRA BAMBOO,DRIMER,QUEEN
0346,COLCHON RESORTE HOTELERO DRIMER CONCEPT,DRIMER,QUEEN
0347,COLCHON RESORTE TERRA LATEX ALOE VERA,DRIMER,QUEEN
0348,COLCHON RESORTE AERO LATEX BAMBOO,DRIMER,QUEEN
0349,COLCHON RESORTE QUBO ALOE VERA,TECHNODREAM,QUEEN
0350,COLCHON RESORTE DRIMER ALOE VERA,DRIMER,QUEEN
0351,COLCHON RESORTE DRIMER VISCO CARBON,DRIMER,QUEEN
0352,COLCHON RESORTE DRIMER ANTISTRESS,DRIMER,QUEEN
0353,COLCHON RESORTE DRIMER PRO RUNNER OXYGEL,DRIMER,QUEEN
0354,COLCHON RESORTE DRIMER PRO RUNNER ACTIBIO,DRIMER,QUEEN
0355,COLCHON RESORTE SIMMONS BEAUTYREST AUDRINA L,SIMMONS,QUEEN
0356,COLCHON RESORTE SIMMONS WORLD CLASS JAELYN L,SIMMONS,QUEEN
0357,COLCHON RESORTE SIMMONS HYBRID MARLEE PLUSH,SIMMONS,QUEEN
0358,COLCHON RESORTE SIMMONS BEAUTYREST PT AUDRIN,SIMMONS,QUEEN
0359,COLCHON RESORTE SIMMONS WORLD CLASS PT JAELY,SIMMONS,QUEEN
0360,COLCHON RESORTE SIMMONS BEAUTYREST FELICITY,SIMMONS,QUEEN
0361,COLCHON DE RESORTES POCKET RAICES SIPAN,CONTINENTAL,KING
0362,COLCHON DE RESORTES POCKET RAICES NAZCA,CONTINENTAL,KING
0363,COLCHON DE RESORTES WARI PARACAS,CONTINENTAL,KING
0364,COLCHON DE RESORTES WARI MOCHE,CONTINENTAL,KING
0365,COLCHON RESORTE HOTELERO 5 ESTRELLAS,DRIMER,KING
0366,COLCHON RESORTE HOTELERO 4 ESTRELLAS,DRIMER,KING
0367,COLCHON RESORTE FIAMMA ANTISTRESS,DRIMER,KING
0368,COLCHON RESORTE AERO AIRFRESH,DRIMER,KING
0369,COLCHON DE RESORTES NATURE EURO SOYA POCKET,DRIMER,KING
0370,COLCHON RESORTE TECHNODREAM OZONO,TECHNODREAM,KING
0371,COLCHON RESORTE TECHNODREAM GRAVITY,TECHNODREAM,KING
0372,COLCHON RESORTE TECHNODREAM ENERGY,TECHNODREAM,KING
0373,COLCHON RESORTE DRIMER GALAXY,DRIMER,KING
0374,COLCHON RESORTE ACQUA VISCOELASTIC,DRIMER,KING
0375,COLCHON RESORTE TERRA SOYAMBOO,DRIMER,KING
0376,COLCHON RESORTE ACTIPRO,DRIMER,KING
0377,COLCHON RESORTE SILVER,DRIMER,KING
0378,COLCHON RESORTE POCKET ANTISTRESS,DRIMER,KING
0379,COLCHON RESORTE HOTELERO DRIMER CONCEPT,DRIMER,KING
0380,COLCHON RESORTE AERO LATEX BAMBOO,DRIMER,KING
0381,COLCHON RESORTE DRIMER ALOE VERA,DRIMER,KING
0382,COLCHON RESORTE DRIMER VISCO CARBON,DRIMER,KING
0383,COLCHON RESORTE DRIMER ANTISTRESS,DRIMER,KING
0384,COLCHON RESORTE DRIMER PRO RUNNER OXYGEL,DRIMER,KING
0385,COLCHON RESORTE DRIMER PRO RUNNER ACTIBIO,DRIMER,KING
0386,COLCHON RESORTE SIMMONS BEAUTYREST AUDRINA LU,SIMMONS,KING
0387,COLCHON RESORTE SIMMONS HYBRID MARLEE PLUS,SIMMONS,KING
0388,COLCHON RESORTE SIMMONS BEAUTYREST PT AUDRINA,SIMMONS,KING
0389,COLCHON RESORTE SIMMONS WORLD CLASS PT JAELYN,SIMMONS,KING
0390,COLCHON RESORTE SIMMONS BEAUTYREST FELICITY,SIMMONS,KING
0391,COLCHON RESORTE URPI,CONTINENTAL,1.5 PLAZAS
0392,COLCHON LATEX FIRM,DRIMER,2 PLAZAS
0393,COLCHON POCKET LATEX SILVER,DRIMER,QUEEN
0394,COLCHON LATEX FIRM,DRIMER,KING
0395,CAMAROTE CHILE,DRIMER,2 PLAZAS
0396,COLCHON POCKET SIMMONS ALOFT ET WITH EVERNU,SIMMONS,QUEEN
0397,COLCHON POCKET SIMMONS ALOFT ET WITH EVERNU,SIMMONS,KING
0398,TARIMA CANTABRIA,DRIMER,2 PLAZAS
0399,TARIMA OPORTO,DRIMER,2 PLAZAS
0400,TARIMA CANTABRIA,DRIMER,QUEEN
0401,TARIMA OPORTO,DRIMER,QUEEN
0402,CABECERA OPORTO,DRIMER,2 PLAZAS
0403,VELADOR LAZIO,DRIMER,CUNA
0404,VELADOR CUBETTO,DRIMER,1 PLAZA
0405,CABECERA LAZIO,DRIMER,2 PLAZAS
0406,CABECERA CANTABRIA,DRIMER,2 PLAZAS
0407,COLCHON DE RESORTES ACQUA C/POLISEDA,CONTINENTAL,2 PLAZAS
0408,COLCHON RESORTE SIMMONS BEAUTY REST - TRUE E,SIMMONS,QUEEN
0409,COLCHON RESORTE SIMMONS BEAUTY REST - RECHAR,SIMMONS,QUEEN
0410,COLCHON RESORTE SIMMONS BEAUTY REST - TRUE EN,SIMMONS,KING
0411,COLCHON RESORTE SIMMONS BEAUTY REST - RECHARG,SIMMONS,KING
0412,COLCHON RESORTE SIMMONS BEAUTY REST - HEAVENL,SIMMONS,KING
0413,TARIMA CANTABRIA,CONTINENTAL,KING
0414,CAMAROTE MAYORCA XEON STANDARD,TECHNODREAM,1.5 PLAZAS
0415,CAMA ELECTRICA MASAJEADOR - CIRCULAC,DRIMER,QUEEN
0416,CAMA ELECTRICA MASAJEADOR - LATEX TH,DRIMER,QUEEN
0417,CAMA ELECTRICA MASAJEADOR - LATEX FR,DRIMER,QUEEN
0418,CAMA ELECTRICA MASAJEADOR - AERO LAT,DRIMER,QUEEN
0419,CAMA ELECTRICA MASAJEADOR - ACQUA SI,DRIMER,QUEEN
0420,CAMA ELECTRICA MASAJEADOR - LATEX FRE,DRIMER,TWIN SUPREME
0421,CAMA ELECTRICA MASAJEADOR - AERO LATE,DRIMER,TWIN SUPREME
0422,CAMA ELECTRICA MASAJEADOR - ACQUA SIL,DRIMER,TWIN SUPREME
0423,CAMA ELECTRICA MASAJEADOR - CIRCULACI,DRIMER,TWIN SUPREME
0424,SET TARIMA + CABECERA + VELADOR REPOSE,DRIMER,1.5 PLAZAS
0425,SET TARIMA + CABECERA + VELADOR NICOLE NEGRO,DRIMER,1.5 PLAZAS
0426,SET TARIMA + CABECERA + VELADOR CANTABRIA PISTONES,DRIMER,2 PLAZAS
0427,SET TARIMA + CABECERA + VELADOR ALEXA,DRIMER,1.5 PLAZAS
0428,SET TARIMA + CABECERA + VELADOR NICOLE MARRON,DRIMER,1.5 PLAZAS
0429,SET TARIMA + CABECERA + VELADOR REPOSE,DRIMER,2 PLAZAS
0430,SET TARIMA + CABECERA + VELADOR REPOSE -,DRIMER,2 PLAZAS
0431,SET TARIMA + CABECERA + VELADOR NICOLE NEGRO,DRIMER,2 PLAZAS
0432,SET TARIMA + CABECERA + VELADOR SOFIA,DRIMER,2 PLAZAS
0433,SET TARIMA + CABECERA + VELADOR CANTABRIA,DRIMER,2 PLAZAS
0434,SET TARIMA + CABECERA + VELADOR KAELA CAJONES,DRIMER,2 PLAZAS
0435,SET TARIMA + CABECERA + VELADOR OPORTO,DRIMER,2 PLAZAS
0436,SET TARIMA LAQUEADA + CABECERA + VELADOR OPORTO,DRIMER,2 PLAZAS
0437,SET TARIMA + CABECERA + VELADOR ALEXA - N,DRIMER,2 PLAZAS
0438,SET TARIMA + CABECERA + VELADOR NICOLE MARRON,DRIMER,2 PLAZAS
0439,SET TARIMA + CABECERA + VELADOR REPOSE - NVO,DRIMER,QUEEN
0440,SET TARIMA + CABECERA + VELADOR NICOLE NEGRO,DRIMER,QUEEN
0441,SET TARIMA + CABECERA + VELADOR SOFIA,DRIMER,QUEEN
0442,SET TARIMA + CABECERA + VELADOR CANTABRIA,DRIMER,QUEEN
0443,SET TARIMA + CABECERA + VELADOR KAELA CAJONES,DRIMER,QUEEN
0444,SET TARIMA + CABECERA + VELADOR OPORTO,DRIMER,QUEEN
0445,SET TARIMA + CABECERA + VELADOR ALEXA - NVO,DRIMER,QUEEN
0446,SET TARIMA + CABECERA + VELADOR NICOLE MARRON,DRIMER,QUEEN
0447,SET TARIMA + CABECERA + VELADOR SOFIA,DRIMER,KING
0448,SET TARIMA + CABECERA + VELADOR KAELA CAJONES,DRIMER,KING
0449,CAMA AMERICANA SIMMONS BEAUTY REST - TRUE EN,SIMMONS,QUEEN
0450,CAMA AMERICANA SIMMONS BEAUTY REST - RECHARG,SIMMONS,QUEEN
0451,CAMA AMERICANA SIMMONS BEAUTY REST - TRUE ENE,SIMMONS,KING
0452,CAMA AMERICANA SIMMONS BEAUTY REST - RECHARGE,SIMMONS,KING
0453,CAMA COMPLETA CANTABRIA AIRFRESH,DRIMER,1.5 PLAZAS
0454,CAMA COMPLETA REPOSE COOL - NVO,TECHNODREAM,1.5 PLAZAS
0455,CAMA COMPLETA REPOSE PARACAS,CONTINENTAL,2 PLAZAS
0456,CAMA COMPLETA REPOSE TAMBO,CONTINENTAL,2 PLAZAS
0457,CAMA COMPLETA REPOSE AIRFRESH,DRIMER,2 PLAZAS
0458,CAMA COMPLETA KAELA CAJONES AIRFRESH,DRIMER,2 PLAZAS
0459,CAMA COMPLETA OPORTO AIRFRESH,DRIMER,2 PLAZAS
0460,CAMA COMPLETA SOFIA AIRFRESH,DRIMER,2 PLAZAS
0461,CAMA COMPLETA CANTABRIA AIRFRESH,DRIMER,2 PLAZAS
0462,CAMA COMPLETA CANTABRIA AIRFRESH PISTONES,DRIMER,2 PLAZAS
0463,CAMA COMPLETA KAELA GRAVITY CAJONES,TECHNODREAM,2 PLAZAS
0464,CAMA COMPLETA REPOSE COOL - NVO,TECHNODREAM,2 PLAZAS
0465,CAMA COMPLETA CANTABRIA AIRFRESH,DRIMER,QUEEN
0466,CAMA COMPLETA OPORTO AIRFRESH,DRIMER,QUEEN
0467,CAMA COMPLETA SOFIA AIRFRESH,DRIMER,QUEEN
0468,CAMA COMPLETA KAELA AIRFRESH CAJONES,DRIMER,QUEEN
0469,CAMA COMPLETA CANTABRIA AIRFRESH PISTONES,DRIMER,QUEEN
0470,CAMA COMPLETA KAELA GRAVITY CAJONES,TECHNODREAM,QUEEN
0471,CAMA COMPLETA KAELA CAJONES AERO LATEX BAMBOO,DRIMER,KING
0472,CAMA COMPLETA KAELA CAJONES VISCO CARBON,DRIMER,KING
0473,CAMA COMPLETA REPOSE OZONO,TECHNODREAM,1.5 PLAZAS
0474,CAMA COMPLETA REPOSE OZONO - NVO,TECHNODREAM,1.5 PLAZAS
0475,CAMA COMPLETA NICOLE OZONO NEGRO,TECHNODREAM,1.5 PLAZAS
0476,CAMA COMPLETA NICOLE GRAVITY NEGRO,TECHNODREAM,1.5 PLAZAS
0477,CAMA COMPLETA CANTABRIA AERO LATEX BAMBOO,DRIMER,QUEEN
0478,CAMA COMPLETA CANTABRIA GRAVITY PISTONES,TECHNODREAM,1.5 PLAZAS
0479,CAMA COMPLETA REPOSE GRAVITY - NVO,TECHNODREAM,1.5 PLAZAS
0480,CAMA COMPLETA CANTABRIA OZONO PISTONES,TECHNODREAM,1.5 PLAZAS
0481,CAMA COMPLETA OPORTO OZONO PISTONES,TECHNODREAM,1.5 PLAZAS
0482,CAMA COMPLETA REPOSE COOL - II,TECHNODREAM,1.5 PLAZAS
0483,CAMA COMPLETA REPOSE OZONO - II,TECHNODREAM,1.5 PLAZAS
0484,CAMA COMPLETA ALEXA COOL - NVO,TECHNODREAM,1.5 PLAZAS
0485,CAMA COMPLETA ALEXA OZONO - NVO,TECHNODREAM,1.5 PLAZAS
0486,CAMA COMPLETA NICOLE OZONO MARRON,TECHNODREAM,1.5 PLAZAS
0487,CAMA COMPLETA NICOLE GRAVITY MARRON S,TECHNODREAM,1.5 PLAZAS
0488,CAMA COMPLETA REPOSE OZONO,TECHNODREAM,2 PLAZAS
0489,CAMA COMPLETA REPOSE OZONO - NVO,TECHNODREAM,2 PLAZAS
0490,CAMA COMPLETA NICOLE OZONO NEGRO,TECHNODREAM,2 PLAZAS
0491,CAMA COMPLETA NICOLE GRAVITY NEGRO,TECHNODREAM,2 PLAZAS
0492,CAMA COMPLETA CANTABRIA AERO LATEX BAMBOO,DRIMER,1.5 PLAZAS
0493,CAMA COMPLETA OPORTO AERO LATEX BAMBOO CAJONES,DRIMER,2 PLAZAS
0494,CAMA COMPLETA CANTABRIA GRAVITY CAJONES,TECHNODREAM,2 PLAZAS
0495,CAMA COMPLETA KAELA LATEX BAMBOO,DRIMER,2 PLAZAS
0496,CAMA COMPLETA SOFIA LATEX BAMBOO,DRIMER,2 PLAZAS
0497,CAMA COMPLETA CANTABRIA GRAVITY PISTONES,TECHNODREAM,2 PLAZAS
0498,CAMA COMPLETA REPOSE GRAVITY - NVO,TECHNODREAM,2 PLAZAS
0499,CAMA COMPLETA ALEXA GRAVITY - NVO,TECHNODREAM,2 PLAZAS
0500,CAMA COMPLETA CANTABRIA OZONO CAJONES,TECHNODREAM,2 PLAZAS
0501,CAMA COMPLETA OPORTO OZONO CAJONES,TECHNODREAM,2 PLAZAS
0502,CAMA COMPLETA KAELA OZONO CAJONES,TECHNODREAM,2 PLAZAS
0503,CAMA COMPLETA SOFIA OZONO CAJONES,TECHNODREAM,2 PLAZAS
0504,CAMA COMPLETA OPORTO GRAVITY CAJONES,TECHNODREAM,2 PLAZAS
0505,CAMA COMPLETA SOFIA GRAVITY CAJONES,TECHNODREAM,2 PLAZAS
0506,CAMA COMPLETA REPOSE COOL - II,TECHNODREAM,2 PLAZAS
0507,CAMA COMPLETA REPOSE OZONO - II,TECHNODREAM,2 PLAZAS
0508,CAMA COMPLETA ALEXA COOL - NVO,TECHNODREAM,2 PLAZAS
0509,CAMA COMPLETA ALEXA OZONO - NVO,TECHNODREAM,2 PLAZAS
0510,CAMA COMPLETA NICOLE OZONO MARRON,TECHNODREAM,2 PLAZAS
0511,CAMA COMPLETA NICOLE GRAVITY MARRON,TECHNODREAM,2 PLAZAS
0512,CAMA COMPLETA REPOSE OZONO,TECHNODREAM,QUEEN
0513,CAMA COMPLETA REPOSE OZONO - NVO,TECHNODREAM,QUEEN
0514,CAMA COMPLETA NICOLE OZONO NEGRO,TECHNODREAM,QUEEN
0515,CAMA COMPLETA NICOLE GRAVITY NEGRO,TECHNODREAM,QUEEN
0516,CAMA COMPLETA NICOLE GRAVITY NEGRO - NVO,TECHNODREAM,QUEEN
0517,CAMA COMPLETA NICOLE OZONO NEGRO - NVO,TECHNODREAM,QUEEN
0518,CAMA COMPLETA OPORTO AERO LATEX BAMBOO CAJONES,DRIMER,QUEEN
0519,CAMA COMPLETA SOFIA LATEX BAMBOO,DRIMER,QUEEN
0520,CAMA COMPLETA CANTABRIA GRAVITY CAJONES,TECHNODREAM,QUEEN
0521,CAMA COMPLETA KAELA AERO LATEX BAMBOO,DRIMER,QUEEN
0522,CAMA COMPLETA ALEXA GRAVITY,TECHNODREAM,QUEEN
0523,CAMA COMPLETA OPORTO AERO LATEX BAMBOO PISTONES,DRIMER,QUEEN
0524,CAMA COMPLETA ALEXA GRAVITY - NVO,TECHNODREAM,QUEEN
0525,CAMA COMPLETA CANTABRIA PISTONES GRAVITY,TECHNODREAM,QUEEN
0526,CAMA COMPLETA CANTABRIA OZONO PISTONES,TECHNODREAM,QUEEN
0527,CAMA COMPLETA CANTABRIA OZONO CAJONES,TECHNODREAM,QUEEN
0528,CAMA COMPLETA OPORTO OZONO CAJONES,TECHNODREAM,QUEEN
0529,CAMA COMPLETA OPORTO GRAVITY PISTONES,TECHNODREAM,QUEEN
0530,CAMA COMPLETA SOFIA OZONO CAJONES,TECHNODREAM,QUEEN
0531,CAMA COMPLETA KAELA OZONO CAJONES,TECHNODREAM,QUEEN
0532,CAMA COMPLETA OPORTO GRAVITY CAJONES,TECHNODREAM,QUEEN
0533,CAMA COMPLETA SOFIA GRAVITY CAJONES,TECHNODREAM,QUEEN
0534,CAMA COMPLETA ALEXA COOL - NVO,TECHNODREAM,QUEEN
0535,CAMA COMPLETA ALEXA OZONO - NVO,TECHNODREAM,QUEEN
0536,CAMA COMPLETA NICOLE GRAVITY MARRON - NVO,TECHNODREAM,QUEEN
0537,CAMA COMPLETA NICOLE OZONO MARRON - NVO,TECHNODREAM,QUEEN
0538,CAMA COMPLETA SOFIA AERO LATEX BAMBOO,DRIMER,KING
0539,CAMA COMPLETA SOFIA VISCO CARBON,DRIMER,KING
0540,CAMA COMPLETA NICOLE COOL - NEGRO,TECHNODREAM,1.5 PLAZAS
0541,CAMA COMPLETA NICOLE COOL - MARRON,TECHNODREAM,1.5 PLAZAS
0542,CAMA COMPLETA NICOLE NEGRO COOL,TECHNODREAM,2 PLAZAS
0543,CAMA COMPLETA NICOLE COOL NEGRO NVO,TECHNODREAM,QUEEN
0544,BASE NIDO,DRIMER,1.5 PLAZAS
0545,BASE NIDO COTTON,DRIMER,1.5 PLAZAS
0546,CAMA B.T. LUJO AERO LATEX ACTIPRO,DRIMER,1.5 PLAZAS
0547,CAMA NIDO TELA - TERRA BAMBOO,DRIMER,1.5 PLAZAS
0548,CAMA NIDO PISTONES - TERRA BAMBOO,DRIMER,1.5 PLAZAS
0549,CAMA AMERICANA LATEX DRIMER - II,DRIMER,1.5 PLAZAS
0550,CAMA B.T. LUJO FIAMMA LATEX SILVER,DRIMER,1.5 PLAZAS
0551,CAMA NIDO BREEZE,TECHNODREAM,1.5 PLAZAS
0552,CAMA NIDO COOL GRIS,TECHNODREAM,1.5 PLAZAS
0553,CAMA NIDO TAMBO V2,CONTINENTAL,1.5 PLAZAS
0554,CAMA AMERICANA AERO LATEX BAMBOO,DRIMER,1.5 PLAZAS
0555,CAMA AMERICANA PRO RUNNER ACTIBIO,DRIMER,1.5 PLAZAS
0556,BASE NIDO,DRIMER,2 PLAZAS
0557,BASE NIDO NVO,DRIMER,2 PLAZAS
0558,BASE NIDO COTTON,DRIMER,2 PLAZAS
0559,CAMA B.T. LUJO AERO LATEX ACTIPRO,DRIMER,2 PLAZAS
0560,CAMA NIDO TELA - TERRA BAMBOO,DRIMER,2 PLAZAS
0561,CAMA AMERICANA LATEX DRIMER - II,DRIMER,2 PLAZAS
0562,CAMA B.T. LUJO FIAMMA LATEX SILVER,DRIMER,2 PLAZAS
0563,CAMA AMERICANA LATEX FUTUREPEDIC,DRIMER,2 PLAZAS
0564,CAMA NIDO BREEZE,TECHNODREAM,2 PLAZAS
0565,CAMA NIDO DOBLE COOL,TECHNODREAM,2 PLAZAS
0566,CAMA NIDO COOL AZUL,TECHNODREAM,2 PLAZAS
0567,CAMA NIDO COOL GRIS,TECHNODREAM,2 PLAZAS
0568,CAMA NIDO TAMBO,CONTINENTAL,2 PLAZAS
0569,CAMA B.T. LUJO AERO LATEX ANTIACAROS,DRIMER,2 PLAZAS
0570,CAMA AMERICANA AERO LATEX BAMBOO,DRIMER,2 PLAZAS
0571,CAMA AMERICANA PRO RUNNER ACTIBIO,DRIMER,2 PLAZAS
0572,CAMA AMERICANA SIMMONS BEAUTYREST PT AUDR,SIMMONS,2 PLAZAS
0573,CAMA AMERICANA SIMMONS WORLD CLASS PT JAE,SIMMONS,2 PLAZAS
0574,CAMA B.T. LUJO AERO LATEX ACTIPRO,DRIMER,KING
0575,CAMA AMERICANA LATEX DRIMER - II,DRIMER,KING
0576,CAMA AMERICANA FIAMMA LATEX SILVER,DRIMER,KING
0577,CAMA B.T. LUJO TERRA EURO VISCOSOYA,DRIMER,KING
0578,CAMA B.T. LUJO FIAMMA LATEX SILVER,DRIMER,KING
0579,CAMA B.T. LUJO AERO LATEX ANTIACAROS,DRIMER,KING
0580,CAMA B.T. LUJO TERRA LATEX FRESH,DRIMER,KING
0581,CAMA AMERICANA AERO LATEX FLEXICAP,DRIMER,KING
0582,CAMA AMERICANA AERO LATEX BAMBOO,DRIMER,KING
0583,CAMA AMERICANA PRO RUNNER ACTIBIO,DRIMER,KING
0584,CAMA AMERICANA SIMMONS HYBRID MARLEE PLUSH,SIMMONS,KING
0585,CAMA AMERICANA SIMMONS BEAUTYREST PT AUDRINA,SIMMONS,KING
0586,CAMA AMERICANA SIMMONS WORLD CLASS PT JAELYN,SIMMONS,KING
0587,CAMA B.T. LUJO AERO LATEX ACTIPRO,DRIMER,QUEEN
0588,CAMA AMERICANA LATEX DRIMER - II,DRIMER,QUEEN
0589,CAMA B.T. LUJO FIAMMA LATEX SILVER,DRIMER,QUEEN
0590,CAMA B.T. LUJO AERO LATEX ANTIACAROS,DRIMER,QUEEN
0591,CAMA B.T. LUJO TERRA LATEX FRESH,DRIMER,QUEEN
0592,CAMA AMERICANA AERO LATEX BAMBOO,DRIMER,QUEEN
0593,CAMA AMERICANA PRO RUNNER PARTIDA ACTIBIO,DRIMER,QUEEN
0594,CAMA AMERICANA SIMMONS BEAUTYREST AUDRINA LU,SIMMONS,QUEEN
0595,CAMA AMERICANA SIMMONS WORLD CLASS PARTIDA J,SIMMONS,QUEEN
0596,CAMA AMERICANA SIMMONS HYBRID PARTIDA MARLEE,SIMMONS,QUEEN
0597,CAMA AMERICANA SIMMONS BEAUTYREST PARTIDA PT,SIMMONS,QUEEN
0598,CAMA AMERICANA SIMMONS WORLD CLASS PARTIDA P,SIMMONS,QUEEN
0599,CAMA DIVAN LAQUEADA AERO AIRFRESH,DRIMER,QUEEN
0600,CAMA BOX SPRING AIRFRESH - DRIMER,DRIMER,1.5 PLAZAS
0601,CAMA B.S. LUJO TERRA BAMBOO,DRIMER,2 PLAZAS
0602,CAMA BOX SPRING LATEX BAMBOO,DRIMER,2 PLAZAS
0603,CAMA B.S. LUJO AERO LATEX ACTIPRO,DRIMER,KING
0604,CAMA B.S. LUJO FIAMMA POCKET ANTISTRESS,DRIMER,KING
0605,CAMA BOX SPRING LATEX BAMBOO,DRIMER,KING
0606,CAMA BOX SPRING VISCO CARBON,DRIMER,KING
0607,CAMA B.S. LUJO TERRA BAMBOO,DRIMER,QUEEN
0608,CAMA BOX SPRING VISCO CARBON,DRIMER,QUEEN
0609,CAMA AMERICANA AYLLU URPI NVO,CONTINENTAL,1 PLAZA
0610,CAMA AMERICANA BREEZE,TECHNODREAM,1 PLAZA
0611,CAMA AMERICANA RAICES SIPAN NVO,CONTINENTAL,1.5 PLAZAS
0612,CAMA AMERICANA WARI PARACAS NVO,CONTINENTAL,1.5 PLAZAS
0613,CAMA AMERICANA WARI MOCHE - NUEVO,CONTINENTAL,1.5 PLAZAS
0614,CAMA AMERICANA WARI VICUS - NUEVO,CONTINENTAL,1.5 PLAZAS
0615,CAMA AMERICANA GEMINIS,DRIMER,1.5 PLAZAS
0616,CAMA AMERICANA AYLLU TAMBO NVO,CONTINENTAL,1.5 PLAZAS
0617,CAMA AMERICANA AYLLU URPI NVO,CONTINENTAL,1.5 PLAZAS
0618,CAMA AMERICANA HOTELERO 5 ESTRELLAS,DRIMER,1.5 PLAZAS
0619,CAMA AMERICANA FIAMMA ANTISTRESS,DRIMER,1.5 PLAZAS
0620,CAMA AMERICANA AIRFRESH - DRIMER,DRIMER,1.5 PLAZAS
0621,CAMA AMERICANA WARI RUNA,CONTINENTAL,1.5 PLAZAS
0622,CAMA AMERICANA QUANTUM NVO-2,TECHNODREAM,1.5 PLAZAS
0623,CAMA AMERICANA BREEZE,TECHNODREAM,1.5 PLAZAS
0624,CAMA AMERICANA ENERGY - NUEVO,TECHNODREAM,1.5 PLAZAS
0625,CAMA AMERICANA COOL,TECHNODREAM,1.5 PLAZAS
0626,CAMA B.T. LUJO ACQUA LATEX CIRCULACION,DRIMER,1.5 PLAZAS
0627,CAMA B.T. LUJO TERRA SOYAMBOO,DRIMER,1.5 PLAZAS
0628,CAMA AMERICANA AERO ACTIPRO,DRIMER,1.5 PLAZAS
0629,CAMA B.T. LUJO FIAMMA SILVER,DRIMER,1.5 PLAZAS
0630,CAMA B.T. LUJO FIAMMA POCKET ANTISTRESS Z,DRIMER,1.5 PLAZAS
0631,CAMA B.T. LUJO TERRA BAMBOO,DRIMER,1.5 PLAZAS
0632,CAMA AMERICANA QUBO ALOE VERA,TECHNODREAM,1.5 PLAZAS
0633,CAMA AMERICANA ALOE VERA,DRIMER,1.5 PLAZAS
0634,CAMA AMERICANA VISCO CARBON,DRIMER,1.5 PLAZAS
0635,CAMA AMERICANA ANTISTRESS,DRIMER,1.5 PLAZAS
0636,CAMA AMERICANA LUJO PRO RUNNER ACTIBIO,DRIMER,1.5 PLAZAS
0637,CAMA AMERICANA RAICES CARAL II,CONTINENTAL,2 PLAZAS
0638,CAMA AMERICANA RAICES SIPAN NVO,CONTINENTAL,2 PLAZAS
0639,CAMA AMERICANA RAICES NAZCA NVO,CONTINENTAL,2 PLAZAS
0640,CAMA AMERICANA WARI PARACAS NVO,CONTINENTAL,2 PLAZAS
0641,CAMA AMERICANA WARI MOCHE - NUEVO,CONTINENTAL,2 PLAZAS
0642,CAMA AMERICANA WARI VICUS - NUEVO,CONTINENTAL,2 PLAZAS
0643,CAMA AMERICANA GEMINIS,DRIMER,2 PLAZAS
0644,CAMA AMERICANA AYLLU TAMBO NVO,CONTINENTAL,2 PLAZAS
0645,CAMA AMERICANA AYLLU URPI NVO,CONTINENTAL,2 PLAZAS
0646,CAMA AMERICANA HOTELERO 5 ESTRELLAS,DRIMER,2 PLAZAS
0647,CAMA AMERICANA FIAMMA ANTISTRESS - DRIMER,DRIMER,2 PLAZAS
0648,CAMA AMERICANA AIRFRESH - DRIMER,DRIMER,2 PLAZAS
0649,CAMA AMERICANA OMEGA,DRIMER,2 PLAZAS
0650,CAMA AMERICANA WARI RUNA,CONTINENTAL,2 PLAZAS
0651,CAMA AMERICANA QUANTUM NVO-2,TECHNODREAM,2 PLAZAS
0652,CAMA AMERICANA BREEZE,TECHNODREAM,2 PLAZAS
0653,CAMA AMERICANA ANTARES,DRIMER,2 PLAZAS
0654,CAMA AMERICANA ENERGY - NUEVO,TECHNODREAM,2 PLAZAS
0655,CAMA AMERICANA GALAXY,DRIMER,2 PLAZAS
0656,CAMA AMERICANA COOL,TECHNODREAM,2 PLAZAS
0657,CAMA B.T. LUJO ACQUA LATEX CIRCULACION,DRIMER,2 PLAZAS
0658,CAMA B.T. LUJO TERRA SOYAMBOO,DRIMER,2 PLAZAS
0659,CAMA B.T. LUJO FIAMMA LATEX THERMOCONTROL,DRIMER,2 PLAZAS
0660,CAMA AMERICANA AERO ACTIPRO,DRIMER,2 PLAZAS
0661,CAMA B.T. LUJO AERO ACTIPRO,DRIMER,2 PLAZAS
0662,CAMA AMERICANA FIAMMA SILVER,DRIMER,2 PLAZAS
0663,CAMA B.T. LUJO FIAMMA SILVER,DRIMER,2 PLAZAS
0664,CAMA B.T. LUJO FIAMMA POCKET ANTISTRESS,DRIMER,2 PLAZAS
0665,CAMA B.T. LUJO TERRA BAMBOO,DRIMER,2 PLAZAS
0666,CAMA AMERICANA QUBO ALOE VERA,TECHNODREAM,2 PLAZAS
0667,CAMA AMERICAN ALOE VERA,DRIMER,2 PLAZAS
0668,CAMA AMERICANA ANTISTRESS,DRIMER,2 PLAZAS
0669,CAMA AMERICANA RAICES PAN NVO,CONTINENTAL,QUEEN
0670,CAMA AMERICANA RAICES NAZCA - NUEVO,CONTINENTAL,QUEEN
0671,CAMA AMERICANA WARI PARACAS NVO,CONTINENTAL,QUEEN
0672,CAMA AMERICANA WARI RUNA,CONTINENTAL,QUEEN
0673,CAMA AMERICANA RAICES NAZCA NVO,CONTINENTAL,KING
0674,CAMA AMERICANA WARI PARACAS NVO,CONTINENTAL,KING
0675,CAMA AMERICANA WARI MOCHE - NUEVO,CONTINENTAL,KING
0676,CAMA AMERICANA HOTELERO 5 ESTRELLAS,DRIMER,KING
0677,CAMA AMERICANA FIAMMA ANTISTRESS - DRIMER,DRIMER,KING
0678,CAMA AMERICANA AIRFRESH - DRIMER,DRIMER,KING
0679,CAMA AMERICANA ENERGY - NUEVO,TECHNODREAM,KING
0680,CAMA AMERICANA ACQUA VISCOELASTIC - DRIMER,DRIMER,KING
0681,CAMA B.T. LUJO ACQUA LATEX CIRCULACION,DRIMER,KING
0682,CAMA B.T. LUJO TERRA SOYAMBOO,DRIMER,KING
0683,CAMA AMERICANA AERO ACTIPRO,DRIMER,KING
0684,CAMA B.T. LUJO FIAMMA SILVER,DRIMER,KING
0685,CAMA B.T. LUJO FIAMMA POCKET ANTISTRESS,DRIMER,KING
0686,CAMA B.T. LUJO TERRA BAMBOO,DRIMER,KING
0687,CAMA AMERICANA ALOE VERA,DRIMER,KING
0688,CAMA AMERICANA ANTISTRESS,DRIMER,KING
0689,CAMA AMERICANA PRO RUNNER OXYGEL,DRIMER,KING
0690,CAMA AMERICANA LUJO PRO RUNNER ACTIBIO,DRIMER,KING
0691,CAMA AMERICANA HOTELERO 5 ESTRELLAS PARTIDA,DRIMER,QUEEN
0692,CAMA AMERICANA TERRA ALOE VERA - DRIMER,DRIMER,QUEEN
0693,CAMA AMERICANA FIAMMA ANTISTRESS - DRIMER,DRIMER,QUEEN
0694,CAMA AMERICANA AIRFRESH - DRIMER,DRIMER,QUEEN
0695,CAMA AMERICANA PARTIDA QUANTUM NVO-2,TECHNODREAM,QUEEN
0696,CAMA AMERICANA OZONO PARTIDA,TECHNODREAM,QUEEN
0697,CAMA AMERICANA GRAVITY PARTIDA,TECHNODREAM,QUEEN
0698,CAMA AMERICANA ENERGY PARTIDA - NUEVO,TECHNODREAM,QUEEN
0699,CAMA AMERICANA COOL,TECHNODREAM,QUEEN
0700,CAMA AMERICANA ACQUA CIRCULACION PARTIDA II,DRIMER,QUEEN
0701,CAMA B.T. LUJO ACQUA LATEX CIRCULACION,DRIMER,QUEEN
0702,CAMA B.T. LUJO TERRA SOYAMBOO,DRIMER,QUEEN
0703,CAMA B.T. LUJO FIAMMA LATEX THERMOCONTROL,DRIMER,QUEEN
0704,CAMA AMERICANA AERO ACTIPRO,DRIMER,QUEEN
0705,CAMA B.T. LUJO FIAMMA SILVER,DRIMER,QUEEN
0706,CAMA B.T. LUJO FIAMMA POCKET ANTISTRESS,DRIMER,QUEEN
0707,CAMA B.T. LUJO TERRA BAMBOO,DRIMER,QUEEN
0708,CAMA AMERICANA QUBO ALOE VERA,TECHNODREAM,QUEEN
0709,CAMA AMERICANA ALOE VERA,DRIMER,QUEEN
0710,CAMA AMERICANA ANTISTRESS,DRIMER,QUEEN
0711,CAMA AMERICANA LUJO PRO RUNNER ACTIBIO,DRIMER,QUEEN
0712,CAMA BOX SPRING ANTISTRESS,DRIMER,2 PLAZAS
0713,CAMA BOX SPRING ANTISTRESS,DRIMER,QUEEN